sample_filename,sample_id,sample_type,source_id,source_taxon,lab_extract,ex_batch_id,ms_operator,ms_date_created,ms_UUID,ms_injection_volume,ms_inj_vol,ms_id,al_user_created,al_date_created,al_UUID,al_vol_microliter,ex_user_created,ex_date_created,ex_user_updated,ex_date_updated,ex_UUID,ex_dried_weight,extr_meth,ex_solv_vol_micro,fs_user_created,fs_date_created,fs_UUID,qf_sample_name,qf_latitude,qf_longitude,qf_ipen,qf_comment_eco,qf_soil_type,qf_weather,qf_comment_env,qf_herbivory_percent,qf_temperature_celsius,inat_id,inat_quality_grade,inat_uuid,inat_observed_on_details_date,inat_identifications_most_agree,inat_species_guess,inat_identifications_most_disagree,inat_site_id,inat_created_time_zone,inat_observed_time_zone,inat_description,inat_observed_on,inat_updated_at,inat_captive,inat_taxon_is_active,inat_taxon_ancestry,inat_taxon_min_species_ancestry,inat_taxon_endemic,inat_taxon_iconic_taxon_id,inat_taxon_min_species_taxon_id,inat_taxon_threatened,inat_taxon_rank_level,inat_taxon_introduced,inat_taxon_native,inat_taxon_parent_id,inat_taxon_rank,inat_taxon_extinct,inat_taxon_id,inat_taxon_ancestor_ids,inat_taxon_created_at,inat_taxon_default_photo_id,inat_taxon_default_photo_url,inat_taxon_default_photo_flags,inat_taxon_default_photo_square_url,inat_taxon_default_photo_medium_url,inat_taxon_observations_count,inat_taxon_universal_search_rank,inat_taxon_current_synonymous_taxon_ids,inat_taxon_atlas_id,inat_taxon_wikipedia_url,inat_taxon_iconic_taxon_name,inat_taxon_preferred_common_name,inat_ident_taxon_ids,inat_outlinks,inat_faves_count,inat_num_identification_agreements,inat_comments,inat_map_scale,inat_uri,inat_project_ids,inat_community_taxon_id,inat_geojson_type,inat_geojson_coordinates,inat_identifications_count,inat_location,inat_votes,inat_user_id,inat_user_login,inat_user_name,inat_user_observations_count,inat_user_identifications_count,inat_user_journal_posts_count,inat_user_activity_count,inat_user_species_count,inat_user_universal_search_rank,inat_user_roles,inat_identifications_some_agree,inat_project_ids_without_curator_id,inat_place_guess,inat_identifications,inat_project_observations,inat_photos,inat_faves,inat_photo_url,inat_taxon_conservation_status_id,inat_taxon_conservation_status_source_id,inat_taxon_conservation_status_authority,inat_taxon_conservation_status_iucn,inat_emi_external_id,inat_taxon_conservation_status_user_id,inat_taxon_complete_rank,inat_taxon_complete_species_count,method,crop,plot,organ,is_approximate_match,is_synonym,matched_name,nomenclature_code,score,search_string,taxon.flags,taxon.is_suppressed,taxon.is_suppressed_from_synth,taxon.name,taxon.ott_id,taxon.rank,taxon.source,taxon.synonyms,taxon.tax_sources,taxon.unique_name,_merge
202405171439_HC_fibl_000002_01_01,fibl_000002_01_01,sample,fibl_000002,arion,fibl_000002_01,dbgi_batch_000010,175a7812-6024-4708-b3db-93223c778fb3,2024-05-17T12:46:01.273Z,8ceabb2d-cf3d-4653-b2bc-0ef23237951d,2,100mm_C18_15min_DDA_ELON_pos,ms_000001,175a7812-6024-4708-b3db-93223c778fb3,2024-05-16T14:50:32.717Z,11e44209-cef9-4220-9490-1ef591ec7981,120,175a7812-6024-4708-b3db-93223c778fb3,2024-04-25T13:05:32.188Z,175a7812-6024-4708-b3db-93223c778fb3,2024-04-26T09:51:59.991Z,8bbdb569-6d61-4733-875e-7f96eee5808a,50.8,MeOH/H2O,1700.0,175a7812-6024-4708-b3db-93223c778fb3,2024-04-24T08:43:09.708Z,ea839bdf-d1db-45aa-aeb7-eab3b650bc90,Unknown,47.50288,7.53971,,,,,,,,208863366.0,needs_id,176b11a3-c375-49a4-b374-f21d808557f5,2024-04-18,True,ater-group Arion Slugs,False,1.0,Europe/Zurich,Europe/Zurich,,2024-04-18 17:58:00+02:00,2024-04-24 17:54:00+02:00,False,True,48460/1/47115/47114/551391/775797/775800/775812/47485/781349/781350/487049/47778/54582,"48460,1,47115,47114,551391,775797,775800,775812,47485,781349,781350,487049,47778,54582,549548",False,47115.0,549548.0,False,15.0,False,False,54582.0,subgenus,False,549548.0,"[48460, 1, 47115, 47114, 551391, 775797, 775800, 775812, 47485, 781349, 781350, 487049, 47778, 54582, 549548]",2017-06-12T22:55:52+00:00,106202560.0,https://inaturalist-open-data.s3.amazonaws.com/photos/106202560/square.jpeg,[],https://inaturalist-open-data.s3.amazonaws.com/photos/106202560/square.jpeg,https://inaturalist-open-data.s3.amazonaws.com/photos/106202560/medium.jpeg,47051.0,47051.0,,,http://en.wikipedia.org/wiki/Arion_(gastropod),Mollusca,ater-group Arion Slugs,"[48460, 1, 47115, 47114, 551391, 775797, 775800, 775812, 47485, 781349, 781350, 487049, 47778, 54582, 549548]",[],0.0,1.0,[],,https://www.inaturalist.org/observations/208863366,[],47114.0,Point,"{'type': 'Point', 'coordinates': [7.5397050235, 47.5028783859]}",1.0,"[47.5028783859, 7.5397050235]",[],6687578.0,dbgi,,497.0,0.0,0.0,497.0,324.0,497.0,[],True,[],"Therwil, Switzerland","[{'474384129': 48460}, {'474531313': 47114}, {'474905306': 549548}]",[],"[{'369584311': 'https://inaturalist-open-data.s3.amazonaws.com/photos/369584311/square.jpg'}, {'369584314': 'https://inaturalist-open-data.s3.amazonaws.com/photos/369584314/square.jpg'}, {'369584315': 'https://inaturalist-open-data.s3.amazonaws.com/photos/369584315/square.jpg'}, {'369584324': 'https://inaturalist-open-data.s3.amazonaws.com/photos/369584324/square.jpg'}, {'369584326': 'https://inaturalist-open-data.s3.amazonaws.com/photos/369584326/square.jpg'}]",[],https://inaturalist-open-data.s3.amazonaws.com/photos/369584311/square.jpg,,,,,fibl_000002,,,,biodynamique,montalbano,D46,leaves,False,False,Arion,ICZN,1.0,arion,[],False,False,Arion,661122.0,genus,ott3.6draft1,"['Ario', 'Aroni', 'Baudonia', 'Carinella', 'Lochea', 'Macroarion', 'Microarion', 'Prolepis', 'Riyearon', 'Tetraspis']","['worms:818149', 'ncbi:6542', 'gbif:2294092', 'irmng:1420165']",Arion,both
202405171439_HC_fibl_000003_01_01,fibl_000003_01_01,sample,fibl_000003,solanum tuberosum,fibl_000003_01,dbgi_batch_000008,175a7812-6024-4708-b3db-93223c778fb3,2024-05-17T12:43:09.253Z,57246673-2666-4144-9d4a-a24ce3193ad0,2,100mm_C18_15min_DDA_ELON_pos,ms_000001,175a7812-6024-4708-b3db-93223c778fb3,2024-05-16T15:02:57.995Z,2c8038e5-8a73-499d-831b-e8ee021585e4,120,175a7812-6024-4708-b3db-93223c778fb3,2024-04-24T09:18:14.004Z,175a7812-6024-4708-b3db-93223c778fb3,2024-04-26T09:18:39.120Z,d2fb6378-333d-4d4b-b3fa-3f5efde517b3,49.4,MeOH/H2O,1700.0,175a7812-6024-4708-b3db-93223c778fb3,2024-04-24T08:40:43.739Z,91b38f0b-278a-41e7-8948-4a3bafedb5df,Solanum tuberosum,47.50244,7.53907,,,,,,,,208862738.0,casual,127b5763-3eb6-4c7f-b0b6-d1f4bd261b22,2024-04-18,False,Potato,False,1.0,Europe/Zurich,Europe/Zurich,,2024-04-18 18:39:00+02:00,2024-04-23 11:00:49+02:00,True,True,48460/47126/211194/47125/47124/48515/48516/634936/634950/50641,"48460,47126,211194,47125,47124,48515,48516,634936,634950,50641,53858",False,47126.0,53858.0,False,10.0,True,False,50641.0,species,False,53858.0,"[48460, 47126, 211194, 47125, 47124, 48515, 48516, 634936, 634950, 50641, 53858]",2009-11-12T00:57:37+00:00,171954180.0,https://inaturalist-open-data.s3.amazonaws.com/photos/171954168/square.jpeg,[],https://inaturalist-open-data.s3.amazonaws.com/photos/171954168/square.jpeg,https://inaturalist-open-data.s3.amazonaws.com/photos/171954168/medium.jpeg,8159.0,8159.0,,,http://en.wikipedia.org/wiki/Potato,Plantae,potato,"[48460, 47126, 211194, 47125, 47124, 48515, 48516, 634936, 634950, 50641, 53858]",[],0.0,0.0,[],,https://www.inaturalist.org/observations/208862738,[],,Point,"{'type': 'Point', 'coordinates': [7.5390744295, 47.5024398921]}",0.0,"[47.5024398921, 7.5390744295]",[],6687578.0,dbgi,,497.0,0.0,0.0,497.0,324.0,497.0,[],False,[],"Therwil, Switzerland",[{'474381660': 53858}],[],"[{'369582957': 'https://inaturalist-open-data.s3.amazonaws.com/photos/369582957/square.jpg'}, {'369582958': 'https://inaturalist-open-data.s3.amazonaws.com/photos/369582958/square.jpg'}, {'369582959': 'https://inaturalist-open-data.s3.amazonaws.com/photos/369582959/square.jpg'}, {'369582965': 'https://inaturalist-open-data.s3.amazonaws.com/photos/369582965/square.jpg'}, {'369582964': 'https://inaturalist-open-data.s3.amazonaws.com/photos/369582964/square.jpg'}]",[],https://inaturalist-open-data.s3.amazonaws.com/photos/369582957/square.jpg,,,,,fibl_000003,,,,conventional purely mineral fertilization,montalbano,M56,leaves,False,False,Solanum tuberosum,ICN,1.0,solanum tuberosum,['sibling_higher'],False,False,Solanum tuberosum,494835.0,species,ott3.6draft1,"['Solanum chocclo', 'Solanum multijugum', 'Solanum tuberosum subsp. tuberosum']","['ncbi:4113', 'gbif:2930262', 'irmng:10202886']",Solanum tuberosum,both
202405171439_HC_fibl_000004_01_01,fibl_000004_01_01,sample,fibl_000004,poaceae,fibl_000004_01,dbgi_batch_000010,175a7812-6024-4708-b3db-93223c778fb3,2024-05-17T12:41:20.851Z,2c94434c-d270-4139-8095-c8153f9c0e1e,2,100mm_C18_15min_DDA_ELON_pos,ms_000001,175a7812-6024-4708-b3db-93223c778fb3,2024-05-16T15:15:11.234Z,80fdd705-4bcc-4440-8c13-8142d64f2145,120,175a7812-6024-4708-b3db-93223c778fb3,2024-04-30T09:02:14.738Z,175a7812-6024-4708-b3db-93223c778fb3,2024-04-30T13:55:33.175Z,f48333c5-f579-4366-9c47-000f6341cb01,48.9,MeOH/H2O,1700.0,175a7812-6024-4708-b3db-93223c778fb3,2024-04-24T08:44:15.029Z,00ef9329-99a9-4052-9830-125b2c23dccc,Poaceae,47.50215,7.53973,,,,,,,,208862937.0,needs_id,25c9c9a7-146b-4771-a08d-a61b15a7bb28,2024-04-18,False,Grasses,False,1.0,Europe/Zurich,Europe/Zurich,,2024-04-18 18:43:00+02:00,2024-04-23 11:04:26+02:00,False,True,48460/47126/211194/47125/47163/47162,"48460,47126,211194,47125,47163,47162,47434",False,47126.0,47434.0,False,30.0,False,False,47162.0,family,False,47434.0,"[48460, 47126, 211194, 47125, 47163, 47162, 47434]",2008-05-16T18:45:14+00:00,76692664.0,https://inaturalist-open-data.s3.amazonaws.com/photos/76692662/square.jpg,[],https://inaturalist-open-data.s3.amazonaws.com/photos/76692662/square.jpg,https://inaturalist-open-data.s3.amazonaws.com/photos/76692662/medium.jpg,2521463.0,2521463.0,,95954.0,http://en.wikipedia.org/wiki/Poaceae,Plantae,grasses,"[48460, 47126, 211194, 47125, 47163, 47162, 47434]",[],0.0,0.0,[],,https://www.inaturalist.org/observations/208862937,[],,Point,"{'type': 'Point', 'coordinates': [7.5397265076, 47.5021537012]}",0.0,"[47.5021537012, 7.5397265076]",[],6687578.0,dbgi,,497.0,0.0,0.0,497.0,324.0,497.0,[],False,[],"Therwil, Switzerland",[{'474382529': 47434}],[],"[{'369583321': 'https://inaturalist-open-data.s3.amazonaws.com/photos/369583321/square.jpg'}, {'369583322': 'https://inaturalist-open-data.s3.amazonaws.com/photos/369583322/square.jpg'}, {'369583323': 'https://inaturalist-open-data.s3.amazonaws.com/photos/369583323/square.jpg'}, {'369583332': 'https://inaturalist-open-data.s3.amazonaws.com/photos/369583332/square.jpg'}, {'369583335': 'https://inaturalist-open-data.s3.amazonaws.com/photos/369583335/square.jpg'}]",[],https://inaturalist-open-data.s3.amazonaws.com/photos/369583321/square.jpg,,,,,fibl_000004,,,,conventional purely mineral fertilization,montalbano,M6,leaves,False,False,Poaceae,ICN,1.0,poaceae,[],False,False,Poaceae,508090.0,family,ott3.6draft1,"['Aegilopaceae', 'Agrostidaceae', 'Alopecuraceae', 'Andropogonaceae', 'Anomochloaceae', 'Anthoxanthaceae', 'Arundinaceae', 'Arundinellaceae', 'Asperellaceae', 'Avenaceae', 'Bambusaceae', 'Cenchrinaceae', 'Chaeturaceae', 'Chloridaceae', 'Coleanthaceae', 'Cynodontaceae', 'Cynosuraceae', 'Echinariaceae', 'Ehrhartaceae', 'Eragrostidaceae', 'Festucaceae', 'Glyceriaceae', 'Gramineae', 'Hordeaceae', 'Lepturaceae', 'Miliaceae', 'Ophiuraceae', 'Oryzaceae', 'Panicaceae', 'Pappophoraceae', 'Parianaceae', 'Paspalaceae', 'Phalaridaceae', 'Pharaceae', 'Sporobolaceae', 'Stipaceae', 'Streptochaetaceae', 'Triticaceae', 'Zoysiaceae']","['ncbi:4479', 'worms:234036', 'gbif:3073', 'irmng:114385']",Poaceae,both
202405171439_HC_fibl_000007_01_01,fibl_000007_01_01,sample,fibl_000007,triticum aestivum,fibl_000007_01,dbgi_batch_000010,175a7812-6024-4708-b3db-93223c778fb3,2024-05-17T12:43:17.328Z,71a1e3d7-c977-49a7-ad90-c62edfee0288,2,100mm_C18_15min_DDA_ELON_pos,ms_000001,175a7812-6024-4708-b3db-93223c778fb3,2024-05-16T14:54:58.981Z,cbfb02bd-6277-4feb-bf3b-a91297b5aa4e,120,175a7812-6024-4708-b3db-93223c778fb3,2024-04-30T08:16:55.002Z,175a7812-6024-4708-b3db-93223c778fb3,2024-04-30T14:32:08.658Z,f99e8287-5ff3-48ce-a29b-7bdd3a6cc0d6,50.1,MeOH/H2O,1700.0,175a7812-6024-4708-b3db-93223c778fb3,2024-04-30T08:04:28.071Z,e639f878-645a-4fb8-b35c-f8c80c3220f4,Triticum aestivum,47.50248,7.53914,,,,,,,,208862402.0,casual,386dccb8-56a2-49fd-a5f9-d0a07db54462,2024-04-18,False,Bread Wheat,False,1.0,Europe/Zurich,Europe/Zurich,,2024-04-18 16:16:00+02:00,2024-04-23 10:54:16+02:00,True,True,48460/47126/211194/47125/47163/47162/47434/514989/709543/1138151/58390,"48460,47126,211194,47125,47163,47162,47434,514989,709543,1138151,58390,64161",False,47126.0,64161.0,False,10.0,False,True,58390.0,species,False,64161.0,"[48460, 47126, 211194, 47125, 47163, 47162, 47434, 514989, 709543, 1138151, 58390, 64161]",2010-12-10T07:29:49+00:00,84606130.0,https://inaturalist-open-data.s3.amazonaws.com/photos/84606125/square.jpg,[],https://inaturalist-open-data.s3.amazonaws.com/photos/84606125/square.jpg,https://inaturalist-open-data.s3.amazonaws.com/photos/84606125/medium.jpg,8235.0,8235.0,,,http://en.wikipedia.org/wiki/Common_wheat,Plantae,Bread Wheat,"[48460, 47126, 211194, 47125, 47163, 47162, 47434, 514989, 709543, 1138151, 58390, 64161]",[],0.0,0.0,[],,https://www.inaturalist.org/observations/208862402,[],,Point,"{'type': 'Point', 'coordinates': [7.5391381605, 47.5024813556]}",0.0,"[47.5024813556, 7.5391381605]",[],6687578.0,dbgi,,497.0,0.0,0.0,497.0,324.0,497.0,[],False,[],"Therwil, Switzerland",[{'474380149': 64161}],[],"[{'369582226': 'https://inaturalist-open-data.s3.amazonaws.com/photos/369582226/square.jpg'}, {'369582228': 'https://inaturalist-open-data.s3.amazonaws.com/photos/369582228/square.jpg'}, {'369582229': 'https://inaturalist-open-data.s3.amazonaws.com/photos/369582229/square.jpg'}, {'369582238': 'https://inaturalist-open-data.s3.amazonaws.com/photos/369582238/square.jpg'}, {'369582239': 'https://inaturalist-open-data.s3.amazonaws.com/photos/369582239/square.jpg'}]",[],https://inaturalist-open-data.s3.amazonaws.com/photos/369582226/square.jpg,,,,,fibl_000007,,,,conventional purely mineral fertilization,montalbano,M56,leaves,False,False,Triticum aestivum,ICN,1.0,triticum aestivum,[],False,False,Triticum aestivum,31926.0,species,ott3.6draft1,"['Triticum aestivum subsp. aestivum', 'Triticum aestivum vulgare', 'Triticum amplissimum', 'Triticum aristatum', 'Triticum aristatum aestivum', 'Triticum cereale aestivum', 'Triticum estivum', 'Triticum hybernum', 'Triticum macha', 'Triticum sativum', 'Triticum sativum aestivum', 'Triticum sativum sinense', 'Triticum sativum vulgare', 'Triticum sphaerococcum', 'Triticum touzelle', 'Triticum vulgare', 'Triticum vulgare aestivum', 'Triticum vulgare aristatum', 'Triticum vulgare sativum']","['ncbi:4565', 'gbif:7541363', 'gbif:7795888', 'irmng:11133543']",Triticum aestivum,both
202405171439_HC_fibl_000009_01_01,fibl_000009_01_01,sample,fibl_000009,papaver,fibl_000009_01,dbgi_batch_000008,175a7812-6024-4708-b3db-93223c778fb3,2024-05-17T12:47:07.123Z,9018f8bc-f161-408b-9288-00344abad9a2,2,100mm_C18_15min_DDA_ELON_pos,ms_000001,175a7812-6024-4708-b3db-93223c778fb3,2024-05-16T14:37:23.140Z,6728178e-4eed-45a4-94c3-1fd5278fe48b,120,175a7812-6024-4708-b3db-93223c778fb3,2024-04-24T09:55:32.494Z,175a7812-6024-4708-b3db-93223c778fb3,2024-04-26T09:13:08.124Z,b1da7422-1bf9-4cd5-ade5-912a88070ee3,49.0,MeOH/H2O,1700.0,175a7812-6024-4708-b3db-93223c778fb3,2024-04-24T08:40:38.792Z,ed88638c-fd5c-4c82-bb9e-329f64e5d79b,Unknown,47.50231,7.53904,,,,,,,,208863385.0,needs_id,a095a760-1310-480f-b50b-fb33306aa65a,2024-04-18,True,poppies,False,1.0,Europe/Zurich,Europe/Zurich,,2024-04-18 18:33:00+02:00,2024-04-25 15:15:36+02:00,False,True,48460/47126/211194/47125/47124/48232/47332/889631/1453811,"48460,47126,211194,47125,47124,48232,47332,889631,1453811,52504",False,47126.0,52504.0,False,20.0,False,False,1453811.0,genus,False,52504.0,"[48460, 47126, 211194, 47125, 47124, 48232, 47332, 889631, 1453811, 52504]",2009-07-25T03:50:30+00:00,18288854.0,https://static.inaturalist.org/photos/18288854/square.jpg,[],https://static.inaturalist.org/photos/18288854/square.jpg,https://static.inaturalist.org/photos/18288854/medium.jpg,93568.0,93568.0,,,https://en.wikipedia.org/wiki/Papaver,Plantae,poppies,"[48460, 47126, 211194, 47125, 47124, 48232, 47332, 889631, 1453811, 52504]",[],0.0,2.0,[],,https://www.inaturalist.org/observations/208863385,[],52504.0,Point,"{'type': 'Point', 'coordinates': [7.5390384429, 47.5023110928]}",2.0,"[47.5023110928, 7.5390384429]",[],6687578.0,dbgi,,497.0,0.0,0.0,497.0,324.0,497.0,[],True,[],"Therwil, Switzerland","[{'474384204': 48460}, {'474410463': 52504}, {'475248890': 52504}]",[],"[{'369584367': 'https://inaturalist-open-data.s3.amazonaws.com/photos/369584367/square.jpg'}, {'369584368': 'https://inaturalist-open-data.s3.amazonaws.com/photos/369584368/square.jpg'}, {'369584369': 'https://inaturalist-open-data.s3.amazonaws.com/photos/369584369/square.jpg'}, {'369584378': 'https://inaturalist-open-data.s3.amazonaws.com/photos/369584378/square.jpg'}, {'369584380': 'https://inaturalist-open-data.s3.amazonaws.com/photos/369584380/square.jpg'}]",[],https://inaturalist-open-data.s3.amazonaws.com/photos/369584367/square.jpg,,,,,fibl_000009,,,,biodynamique,montalbano,D50,leaves,False,False,Papaver,ICN,1.0,papaver,[],False,False,Papaver,438123.0,genus,ott3.6draft1,[],"['ncbi:3468', 'gbif:2888431', 'irmng:1019682']",Papaver,both
202405171439_HC_fibl_000012_01_01,fibl_000012_01_01,sample,fibl_000012,euphorbia,fibl_000012_01,dbgi_batch_000010,175a7812-6024-4708-b3db-93223c778fb3,2024-05-17T12:41:53.718Z,72a513b2-e5ed-47fb-bf99-84d92186aef8,2,100mm_C18_15min_DDA_ELON_pos,ms_000001,175a7812-6024-4708-b3db-93223c778fb3,2024-05-16T15:19:23.365Z,e788fdba-60af-4e9b-a2f3-67d645d2accb,120,175a7812-6024-4708-b3db-93223c778fb3,2024-04-30T09:43:03.458Z,175a7812-6024-4708-b3db-93223c778fb3,2024-04-30T14:17:36.146Z,fab0b843-0d82-4df6-8f97-606f3ffc70e2,49.1,MeOH/H2O,1700.0,175a7812-6024-4708-b3db-93223c778fb3,2024-04-24T08:44:17.626Z,23e1c7e8-bd80-4415-b844-66763c45af03,Euphorbia,47.50271,7.53963,,,,,,,,208862887.0,needs_id,fcf3d5ea-aa4b-47dc-bb7c-d3cca74cd720,2024-04-18,False,Spurges,False,1.0,Europe/Zurich,Europe/Zurich,,2024-04-18 17:50:00+02:00,2024-04-23 11:03:25+02:00,False,True,48460/47126/211194/47125/47124/51820/51821/779191/1244656/1244731,"48460,47126,211194,47125,47124,51820,51821,779191,1244656,1244731,51822",False,47126.0,51822.0,False,20.0,False,False,1244731.0,genus,False,51822.0,"[48460, 47126, 211194, 47125, 47124, 51820, 51821, 779191, 1244656, 1244731, 51822]",2009-06-17T08:41:37+00:00,10222514.0,https://inaturalist-open-data.s3.amazonaws.com/photos/10222514/square.jpg,[],https://inaturalist-open-data.s3.amazonaws.com/photos/10222514/square.jpg,https://inaturalist-open-data.s3.amazonaws.com/photos/10222514/medium.jpg,519301.0,519301.0,,,http://en.wikipedia.org/wiki/Euphorbia,Plantae,spurges,"[48460, 47126, 211194, 47125, 47124, 51820, 51821, 779191, 1244656, 1244731, 51822]",[],0.0,0.0,[],,https://www.inaturalist.org/observations/208862887,[],,Point,"{'type': 'Point', 'coordinates': [7.5396255742, 47.5027085935]}",0.0,"[47.5027085935, 7.5396255742]",[],6687578.0,dbgi,,497.0,0.0,0.0,497.0,324.0,497.0,[],False,[],"Therwil, Switzerland",[{'474382292': 51822}],[],"[{'369583222': 'https://inaturalist-open-data.s3.amazonaws.com/photos/369583222/square.jpg'}, {'369583223': 'https://inaturalist-open-data.s3.amazonaws.com/photos/369583223/square.jpg'}, {'369583224': 'https://inaturalist-open-data.s3.amazonaws.com/photos/369583224/square.jpg'}, {'369583229': 'https://inaturalist-open-data.s3.amazonaws.com/photos/369583229/square.jpg'}, {'369583230': 'https://inaturalist-open-data.s3.amazonaws.com/photos/369583230/square.jpg'}]",[],https://inaturalist-open-data.s3.amazonaws.com/photos/369583222/square.jpg,,,,,fibl_000012,,,,conventional purely mineral fertilization,montalbano,M40,leaves,False,False,Euphorbia,ICN,1.0,euphorbia,[],False,False,Euphorbia,109494.0,genus,ott3.6draft1,"['Ademo', 'Adenopetalum', 'Adenorima', 'Aemaralmeida', 'Agaloma', 'Aklema', 'Alectoroctonum', 'Allobia', 'Anisophyllum', 'Anthacantha', 'Aplarina', 'Arthrothamnus', 'Athymalus', 'Bojeria', 'Ceraselma', 'Chamaesyce', 'Characias', 'Chylogala', 'Crepidaria', 'Ctenadena', 'Cubanthus', 'Cyathophora', 'Cystidospermum', 'Dactylanthes', 'Dematra', 'Desmonema', 'Diadenaria', 'Dichrophyllum', 'Dichylium', 'Diplocyathium', 'Ditrita', 'Ditritea', 'Ditritra', 'Elaeophorbia', 'Endadenium', 'Endoisila', 'Epurga', 'Esula', 'Euforbia', 'Eumecanthus', 'Euphorbi', 'Euphorbiastrum', 'Euphorbiodendron', 'Euphorbion', 'Euphorbiopsis', 'Euphorbium', 'Galarhoeus', 'Galorhoeus', 'Hexadenia', 'Kanopikon', 'Keraselma', 'Kobiosis', 'Lacanthis', 'Lathyris', 'Lepadena', 'Leptopus', 'Lophobios', 'Lortia', 'Lyciopsis', 'Medusea', 'Monadenium', 'Murtekias', 'Nisomenes', 'Ossifraga', 'Peccana', 'Pedilanthus', 'Petalandra', 'Pleuradena', 'Poinsettia', 'Pythius', 'Sclerocyathium', 'Stenadenium', 'Sterigmanthe', 'Synadenium', 'Tirucalia', 'Tirucallia', 'Tithymalodes', 'Tithymaloides', 'Tithymalopsis', 'Tithymalus', 'Torfasadis', 'Torfasidis', 'Treisia', 'Tricherostigma', 'Trichosterigma', 'Tumalis', 'Vallaris', 'Ventenatia', 'Xamesike', 'Zalitea', 'Zygophyllidium']","['ncbi:3990', 'worms:246823', 'gbif:3063749', 'irmng:1323584', 'irmng:1075345', 'irmng:1081289', 'irmng:1078727', 'irmng:1339378', 'irmng:1275700', 'irmng:1099829']",Euphorbia,both
202405171439_HC_fibl_000017_01_01,fibl_000017_01_01,sample,fibl_000017,notiophilus,fibl_000017_01,dbgi_batch_000010,175a7812-6024-4708-b3db-93223c778fb3,2024-05-17T12:51:41.446Z,62191ec8-fdfc-4c22-b874-5baaf183ece2,2,100mm_C18_15min_DDA_ELON_pos,ms_000001,175a7812-6024-4708-b3db-93223c778fb3,2024-05-17T08:34:20.232Z,3bdcef45-8971-4bbd-86be-dc45fddf03a3,120,175a7812-6024-4708-b3db-93223c778fb3,2024-04-30T09:34:39.573Z,175a7812-6024-4708-b3db-93223c778fb3,2024-05-01T09:59:41.461Z,3c2eea1a-411c-4015-aa82-3e6080bcd6b0,3.0,MeOH/H2O,500.0,175a7812-6024-4708-b3db-93223c778fb3,2024-04-24T08:43:52.057Z,a0d85b25-b3ba-4255-b5d6-36fcaad1374f,Coleoptera,47.50215,7.53973,,,,,,,,208862828.0,needs_id,f009859d-a0dc-46f4-baf0-10ed656031c5,2024-04-18,True,Notiophilus,False,1.0,Europe/Zurich,Europe/Zurich,,2024-04-18 18:47:00+02:00,2024-04-23 14:58:08+02:00,False,True,48460/1/47120/372739/47158/184884/47208/340471/372884/49567/333567/422436,"48460,1,47120,372739,47158,184884,47208,340471,372884,49567,333567,422436,131881",False,47158.0,131881.0,False,20.0,False,False,422436.0,genus,False,131881.0,"[48460, 1, 47120, 372739, 47158, 184884, 47208, 340471, 372884, 49567, 333567, 422436, 131881]",2012-06-24T07:42:35+00:00,28360084.0,https://inaturalist-open-data.s3.amazonaws.com/photos/28360085/square.jpg,[],https://inaturalist-open-data.s3.amazonaws.com/photos/28360085/square.jpg,https://inaturalist-open-data.s3.amazonaws.com/photos/28360085/medium.jpg,2653.0,2653.0,,,http://en.wikipedia.org/wiki/Notiophilus,Insecta,,"[48460, 1, 47120, 372739, 47158, 184884, 47208, 340471, 372884, 49567, 333567, 422436, 131881]",[],0.0,1.0,[],,https://www.inaturalist.org/observations/208862828,[],47208.0,Point,"{'type': 'Point', 'coordinates': [7.5397265076, 47.5021537012]}",1.0,"[47.5021537012, 7.5397265076]",[],6687578.0,dbgi,,497.0,0.0,0.0,497.0,324.0,497.0,[],True,[],"Therwil, Switzerland","[{'474382013': 47208}, {'474433358': 131881}]",[],"[{'369583092': 'https://inaturalist-open-data.s3.amazonaws.com/photos/369583092/square.jpg'}, {'369583094': 'https://inaturalist-open-data.s3.amazonaws.com/photos/369583094/square.jpg'}, {'369583095': 'https://inaturalist-open-data.s3.amazonaws.com/photos/369583095/square.jpg'}, {'369583106': 'https://inaturalist-open-data.s3.amazonaws.com/photos/369583106/square.jpg'}, {'369583107': 'https://inaturalist-open-data.s3.amazonaws.com/photos/369583107/square.jpg'}]",[],https://inaturalist-open-data.s3.amazonaws.com/photos/369583092/square.jpg,,,,,fibl_000017,,,,conventional purely mineral fertilization,montalbano,M6,leaves,False,False,Notiophilus,ICZN,1.0,notiophilus,[],False,False,Notiophilus,9996.0,genus,ott3.6draft1,"['Latviaphilus', 'Makarovius', 'Natiophilus', 'Nothiophilus', 'Othiophilus']","['ncbi:41307', 'worms:426326', 'gbif:1247492', 'irmng:1298608']",Notiophilus,both
202405171439_HC_fibl_000023_01_01,fibl_000023_01_01,sample,fibl_000023,angiospermae,fibl_000023_01,dbgi_batch_000010,175a7812-6024-4708-b3db-93223c778fb3,2024-05-17T12:43:20.649Z,3a257d95-987f-4961-bf2b-e612078606eb,2,100mm_C18_15min_DDA_ELON_pos,ms_000001,175a7812-6024-4708-b3db-93223c778fb3,2024-05-16T14:51:57.297Z,4a5b19c0-70fd-4472-b290-21b7a8d6f470,120,175a7812-6024-4708-b3db-93223c778fb3,2024-04-30T09:18:01.024Z,175a7812-6024-4708-b3db-93223c778fb3,2024-04-30T14:22:40.942Z,cd98e941-8305-4509-a6f9-1c117980ae98,49.8,MeOH/H2O,1700.0,175a7812-6024-4708-b3db-93223c778fb3,2024-04-24T08:43:54.877Z,f3716410-7845-4e48-a21a-54d0bdc8ea45,Angiospermae,47.50234,7.53979,,,,,,,,208862131.0,needs_id,ec40fe29-4e83-4335-a068-1dcef7468c97,2024-04-18,False,Flowering Plants,False,1.0,Europe/Zurich,Europe/Zurich,,2024-04-18 15:03:00+02:00,2024-04-23 10:49:29+02:00,False,True,48460/47126/211194,"48460,47126,211194,47125",False,47126.0,47125.0,False,57.0,False,False,211194.0,subphylum,False,47125.0,"[48460, 47126, 211194, 47125]",2008-04-02T01:59:35+00:00,6943609.0,https://inaturalist-open-data.s3.amazonaws.com/photos/6943609/square.jpg,[],https://inaturalist-open-data.s3.amazonaws.com/photos/6943609/square.jpg,https://inaturalist-open-data.s3.amazonaws.com/photos/6943609/medium.jpg,79094266.0,79094266.0,,,https://en.wikipedia.org/wiki/Flowering_plant,Plantae,flowering plants,"[48460, 47126, 211194, 47125]",[],0.0,0.0,[],,https://www.inaturalist.org/observations/208862131,[],,Point,"{'type': 'Point', 'coordinates': [7.5397860924, 47.5023357841]}",0.0,"[47.5023357841, 7.5397860924]",[],6687578.0,dbgi,,497.0,0.0,0.0,497.0,324.0,497.0,[],False,[],"Therwil, Switzerland",[{'474379100': 47125}],[],"[{'369581698': 'https://inaturalist-open-data.s3.amazonaws.com/photos/369581698/square.jpg'}, {'369581699': 'https://inaturalist-open-data.s3.amazonaws.com/photos/369581699/square.jpg'}, {'369581706': 'https://inaturalist-open-data.s3.amazonaws.com/photos/369581706/square.jpg'}, {'369581714': 'https://inaturalist-open-data.s3.amazonaws.com/photos/369581714/square.jpg'}, {'369581715': 'https://inaturalist-open-data.s3.amazonaws.com/photos/369581715/square.jpg'}, {'369581716': 'https://inaturalist-open-data.s3.amazonaws.com/photos/369581716/square.jpg'}]",[],https://inaturalist-open-data.s3.amazonaws.com/photos/369581698/square.jpg,,,,,fibl_000023,,,,biodynamique,montalbano,D12,leaves,False,True,Angiospermae,ICN,1.0,angiospermae,['sibling_higher'],False,False,Magnoliopsida,99252.0,class,ott3.6draft1,"['Angiospermae', 'Magnoliophyta']","['ncbi:3398', 'worms:182757', 'gbif:220', 'irmng:1102']",Magnoliopsida,both
202405171439_HC_fibl_000029_01_01,fibl_000029_01_01,sample,fibl_000029,veronica hederifolia,fibl_000029_01,dbgi_batch_000008,175a7812-6024-4708-b3db-93223c778fb3,2024-05-17T12:43:12.997Z,55f7f3a2-fd7d-46ce-801c-23278b923046,2,100mm_C18_15min_DDA_ELON_pos,ms_000001,175a7812-6024-4708-b3db-93223c778fb3,2024-05-16T15:03:38.792Z,2ba8aa9b-0850-4146-ac1b-a9a30d8cc7d8,120,175a7812-6024-4708-b3db-93223c778fb3,2024-04-24T09:42:12.156Z,175a7812-6024-4708-b3db-93223c778fb3,2024-04-26T09:07:59.491Z,ecd1812c-ffa7-4f24-8d9a-b771bff63ad1,51.0,MeOH/H2O,1700.0,175a7812-6024-4708-b3db-93223c778fb3,2024-04-24T08:40:16.792Z,dbbd6bec-ecd0-4c8c-86f6-9c1233608cda,Unknown,47.50308,7.53856,,,,,,,,208862749.0,needs_id,b71e214b-dfdb-4c68-bf12-141147157148,2024-04-18,True,Veronica hederifolia,False,1.0,Europe/Zurich,Europe/Zurich,,2024-04-18 16:23:00+02:00,2024-04-23 19:34:52+02:00,False,True,48460/47126/211194/47125/47124/48151/50638/840955/51611/738385,"48460,47126,211194,47125,47124,48151,50638,840955,51611,738385,1459132",False,47126.0,1459132.0,False,11.0,False,False,738385.0,complex,False,1459132.0,"[48460, 47126, 211194, 47125, 47124, 48151, 50638, 840955, 51611, 738385, 1459132]",2023-03-21T18:01:44+00:00,120885150.0,https://inaturalist-open-data.s3.amazonaws.com/photos/120885154/square.jpg,[],https://inaturalist-open-data.s3.amazonaws.com/photos/120885154/square.jpg,https://inaturalist-open-data.s3.amazonaws.com/photos/120885154/medium.jpg,21189.0,21189.0,,,,Plantae,,"[48460, 47126, 211194, 47125, 47124, 48151, 50638, 840955, 51611, 738385, 1459132]",[],0.0,1.0,[],,https://www.inaturalist.org/observations/208862749,[],48460.0,Point,"{'type': 'Point', 'coordinates': [7.5385584512, 47.5030840094]}",1.0,"[47.5030840094, 7.5385584512]",[],6687578.0,dbgi,,497.0,0.0,0.0,497.0,324.0,497.0,[],True,[],"Therwil, Switzerland","[{'474381730': 48460}, {'474526548': 1459132}]",[],"[{'369582990': 'https://inaturalist-open-data.s3.amazonaws.com/photos/369582990/square.jpg'}, {'369582991': 'https://inaturalist-open-data.s3.amazonaws.com/photos/369582991/square.jpg'}, {'369582992': 'https://inaturalist-open-data.s3.amazonaws.com/photos/369582992/square.jpg'}, {'369582999': 'https://inaturalist-open-data.s3.amazonaws.com/photos/369582999/square.jpg'}, {'369583001': 'https://inaturalist-open-data.s3.amazonaws.com/photos/369583001/square.jpg'}, {'369583000': 'https://inaturalist-open-data.s3.amazonaws.com/photos/369583000/square.jpg'}]",[],https://inaturalist-open-data.s3.amazonaws.com/photos/369582990/square.jpg,,,,,fibl_000029,,,,conventional purely mineral fertilization,montalbano,M96,leaves,False,False,Veronica hederifolia,ICN,1.0,veronica hederifolia,[],False,False,Veronica hederifolia,502001.0,species,ott3.6draft1,['Veronica hederaefolia'],"['ncbi:202477', 'gbif:8894657', 'gbif:3172070', 'irmng:11349054']",Veronica hederifolia,both
202405171439_HC_fibl_000041_01_01,fibl_000041_01_01,sample,fibl_000041,capsella bursa-pastoris,fibl_000041_01,dbgi_batch_000008,175a7812-6024-4708-b3db-93223c778fb3,2024-05-17T12:47:11.569Z,1fa73a0d-0ae1-4d37-907f-cae72a4823f6,2,100mm_C18_15min_DDA_ELON_pos,ms_000001,175a7812-6024-4708-b3db-93223c778fb3,2024-05-16T14:30:26.974Z,4410f1ba-31dc-4c52-9ce7-7a8faef938c9,120,175a7812-6024-4708-b3db-93223c778fb3,2024-04-25T13:13:20.784Z,175a7812-6024-4708-b3db-93223c778fb3,2024-04-26T09:47:28.991Z,8f67daf2-6e93-4154-a587-8f4836e60cd3,51.2,MeOH/H2O,1700.0,175a7812-6024-4708-b3db-93223c778fb3,2024-04-24T08:42:57.654Z,c59b20db-cbab-489d-b0bc-c4f5303a5289,Angiospermae,47.50234,7.53979,,,,,,,,208862202.0,needs_id,141f499f-8c61-4ebf-9172-022b81e9a9d6,2024-04-18,True,shepherd's-purse,False,1.0,Europe/Zurich,Europe/Zurich,,2024-04-18 15:30:00+02:00,2024-04-23 19:42:41+02:00,False,True,48460/47126/211194/47125/47124/71275/47204/1473853/1473859/1473861/52979,"48460,47126,211194,47125,47124,71275,47204,1473853,1473859,1473861,52979,56121",False,47126.0,56121.0,False,10.0,False,True,52979.0,species,False,56121.0,"[48460, 47126, 211194, 47125, 47124, 71275, 47204, 1473853, 1473859, 1473861, 52979, 56121]",2010-02-18T10:48:14+00:00,9103381.0,https://inaturalist-open-data.s3.amazonaws.com/photos/9103381/square.jpg,[],https://inaturalist-open-data.s3.amazonaws.com/photos/9103381/square.jpg,https://inaturalist-open-data.s3.amazonaws.com/photos/9103381/medium.jpg,60357.0,60357.0,,,http://en.wikipedia.org/wiki/Capsella_bursa-pastoris,Plantae,shepherd's-purse,"[48460, 47126, 211194, 47125, 47124, 71275, 47204, 1473853, 1473859, 1473861, 52979, 56121]",[],0.0,1.0,[],,https://www.inaturalist.org/observations/208862202,[],47125.0,Point,"{'type': 'Point', 'coordinates': [7.5397937806, 47.5023398149]}",1.0,"[47.5023398149, 7.5397937806]",[],6687578.0,dbgi,,497.0,0.0,0.0,497.0,324.0,497.0,[],True,[],"Therwil, Switzerland","[{'474379358': 47125}, {'474529714': 56121}]",[],"[{'369581860': 'https://inaturalist-open-data.s3.amazonaws.com/photos/369581860/square.jpg'}, {'369581859': 'https://inaturalist-open-data.s3.amazonaws.com/photos/369581859/square.jpg'}, {'369581861': 'https://inaturalist-open-data.s3.amazonaws.com/photos/369581861/square.jpg'}, {'369581872': 'https://inaturalist-open-data.s3.amazonaws.com/photos/369581872/square.jpg'}, {'369581875': 'https://inaturalist-open-data.s3.amazonaws.com/photos/369581875/square.jpg'}]",[],https://inaturalist-open-data.s3.amazonaws.com/photos/369581860/square.jpg,,,,,fibl_000041,,,,biodynamique,montalbano,D12,leaves,False,False,Capsella bursa-pastoris,ICN,1.0,capsella bursa-pastoris,[],False,False,Capsella bursa-pastoris,833644.0,species,ott3.6draft1,"['? alandica', '? belgica', '? segetum', '? viminalis', 'Bursa alpestris', 'Bursa bursa-pastoris', 'Bursa bursa-pastoris bifida', 'Bursa djurdjurae', 'Bursa djurjurae', 'Bursa fracticruris', 'Bursa gracilis', 'Bursa grandiflora', 'Bursa nana', 'Bursa occidentalis', 'Bursa orientalis', 'Bursa pastoris', 'Bursa penarthae', 'Bursa rubella', 'Bursa tuscaloosae', 'Bursa viguieri', 'Capsella agrestis', 'Capsella alpestris', 'Capsella apetala', 'Capsella batavorum', 'Capsella bursa-pastoris alpestris', 'Capsella bursa-pastoris bifida', 'Capsella bursa-pastoris bursa-pastoris', 'Capsella bursa-pastoris eu-bursa', 'Capsella bursa-pastoris integrifolia', 'Capsella bursa-pastoris minor', 'Capsella bursa-pastoris minuta', 'Capsella bursa-pastoris occidentalis', 'Capsella concava', 'Capsella heegeri', 'Capsella hyrcana', 'Capsella lycia', 'Capsella mediterranea', 'Capsella patagonica', 'Capsella penarthae', 'Capsella polymorpha', 'Capsella rubella', 'Capsella ruderalis', 'Capsella stenocarpa', 'Capsella thomsonii', 'Capsella treviorum', 'Capsella turoniensis', 'Capsella viguieri', 'Iberis bursa-pastoris', 'Lepidium bursa-pastoris', 'Nasturtium bursa-pastoris', 'Roschiedia bursa-pastoris', 'Solmsiella heegeri', 'Thlaspi bursa-pastoris', 'Thlaspi bursa-pastoris integrifolium', 'Thlaspi burseta', 'Thlaspi hirtum']","['ncbi:3719', 'worms:993761', 'gbif:5375388', 'irmng:10588950']",Capsella bursa-pastoris,both
202405171439_HC_fibl_000049_01_01,fibl_000049_01_01,sample,fibl_000049,cerastium fontanum,fibl_000049_01,dbgi_batch_000008,175a7812-6024-4708-b3db-93223c778fb3,2024-05-17T12:42:44.819Z,41665df5-e97f-49b0-a3de-333ab09549cb,2,100mm_C18_15min_DDA_ELON_pos,ms_000001,175a7812-6024-4708-b3db-93223c778fb3,2024-05-16T15:02:22.217Z,7d984068-b294-4774-a042-ae7bd63a6aad,120,175a7812-6024-4708-b3db-93223c778fb3,2024-04-25T14:22:27.860Z,175a7812-6024-4708-b3db-93223c778fb3,2024-04-26T09:28:10.135Z,9c894b61-bd4b-4b77-971e-e4db22ea4fd0,50.3,MeOH/H2O,1700.0,175a7812-6024-4708-b3db-93223c778fb3,2024-04-24T08:42:02.122Z,1a017a93-76e5-4ecf-abf2-18ae0ec6a25f,Angiospermae,47.50233,7.53979,,,,,,,,208862211.0,needs_id,e88eeee5-bb2a-4fd0-a3fb-34444e607065,2024-04-18,True,Cerastium fontanum,False,1.0,Europe/Zurich,Europe/Zurich,,2024-04-18 15:04:00+02:00,2024-04-23 19:40:20+02:00,False,True,48460/47126/211194/47125/47124/47366/48567/791419/50853,"48460,47126,211194,47125,47124,47366,48567,791419,50853,1495761",False,47126.0,1495761.0,False,11.0,False,False,50853.0,complex,False,1495761.0,"[48460, 47126, 211194, 47125, 47124, 47366, 48567, 791419, 50853, 1495761]",2023-09-11T14:58:40+00:00,244474260.0,https://inaturalist-open-data.s3.amazonaws.com/photos/244474249/square.jpg,[],https://inaturalist-open-data.s3.amazonaws.com/photos/244474249/square.jpg,https://inaturalist-open-data.s3.amazonaws.com/photos/244474249/medium.jpg,25486.0,25486.0,,,,Plantae,,"[48460, 47126, 211194, 47125, 47124, 47366, 48567, 791419, 50853, 1495761]",[],0.0,1.0,[],,https://www.inaturalist.org/observations/208862211,[],47125.0,Point,"{'type': 'Point', 'coordinates': [7.5397876078, 47.5023294734]}",1.0,"[47.5023294734, 7.5397876078]",[],6687578.0,dbgi,,497.0,0.0,0.0,497.0,324.0,497.0,[],True,[],"Therwil, Switzerland","[{'474379418': 47125}, {'474528821': 1495761}]",[],"[{'369581896': 'https://inaturalist-open-data.s3.amazonaws.com/photos/369581896/square.jpg'}, {'369581897': 'https://inaturalist-open-data.s3.amazonaws.com/photos/369581897/square.jpg'}, {'369581898': 'https://inaturalist-open-data.s3.amazonaws.com/photos/369581898/square.jpg'}, {'369581904': 'https://inaturalist-open-data.s3.amazonaws.com/photos/369581904/square.jpg'}, {'369581902': 'https://inaturalist-open-data.s3.amazonaws.com/photos/369581902/square.jpg'}]",[],https://inaturalist-open-data.s3.amazonaws.com/photos/369581896/square.jpg,,,,,fibl_000049,,,,biodynamique,montalbano,D12,leaves,False,False,Cerastium fontanum,ICN,1.0,cerastium fontanum,[],False,False,Cerastium fontanum,625399.0,species,ott3.6draft1,"['Cerastium adsurgens', 'Cerastium holosteoides', 'Cerastium triviale', 'Cerastium triviale alpinum', 'Cerastium vulgatum']","['ncbi:230722', 'worms:458706', 'gbif:3085458', 'irmng:11088636']",Cerastium fontanum,both
202405171439_HC_fibl_000057_01_01,fibl_000057_01_01,sample,fibl_000057,deroceras,fibl_000057_01,dbgi_batch_000008,175a7812-6024-4708-b3db-93223c778fb3,2024-05-17T12:41:40.410Z,11732a05-dc51-403d-b033-34798958a5c6,2,100mm_C18_15min_DDA_ELON_pos,ms_000001,175a7812-6024-4708-b3db-93223c778fb3,2024-05-16T15:13:40.265Z,8f99dc3f-7d02-48eb-8799-08d802bcfaa2,120,175a7812-6024-4708-b3db-93223c778fb3,2024-04-25T12:35:39.118Z,175a7812-6024-4708-b3db-93223c778fb3,2024-04-26T09:44:32.164Z,8b5ddc5f-6b35-4987-a90f-1a0b08f0b48a,50.3,MeOH/H2O,1700.0,175a7812-6024-4708-b3db-93223c778fb3,2024-04-24T08:40:28.895Z,8e5f81a0-dca6-415a-b819-ed308a3fe49a,Unknown,47.50233,7.53979,,,,,,,,208862806.0,needs_id,131b60a8-38ad-454f-9955-26773ac82cf5,2024-04-18,True,Smooth Land Slugs,False,1.0,Europe/Zurich,Europe/Zurich,,2024-04-18 15:16:00+02:00,2024-04-24 17:54:20+02:00,False,True,48460/1/47115/47114/551391/775797/775800/775812/47485/781349/781353/512198/322379/1105651,"48460,1,47115,47114,551391,775797,775800,775812,47485,781349,781353,512198,322379,1105651,87902",False,47115.0,87902.0,False,20.0,False,False,1105651.0,genus,False,87902.0,"[48460, 1, 47115, 47114, 551391, 775797, 775800, 775812, 47485, 781349, 781353, 512198, 322379, 1105651, 87902]",2011-08-04T06:25:37+00:00,58479708.0,https://inaturalist-open-data.s3.amazonaws.com/photos/58479709/square.jpg,[],https://inaturalist-open-data.s3.amazonaws.com/photos/58479709/square.jpg,https://inaturalist-open-data.s3.amazonaws.com/photos/58479709/medium.jpg,43153.0,43153.0,,,http://en.wikipedia.org/wiki/Deroceras,Mollusca,Smooth Land Slugs,"[48460, 1, 47115, 47114, 551391, 775797, 775800, 775812, 47485, 781349, 781353, 512198, 322379, 1105651, 87902]",[],0.0,1.0,[],,https://www.inaturalist.org/observations/208862806,[],47114.0,Point,"{'type': 'Point', 'coordinates': [7.5397907671, 47.5023329193]}",1.0,"[47.5023329193, 7.5397907671]",[],6687578.0,dbgi,,497.0,0.0,0.0,497.0,324.0,497.0,[],True,[],"Therwil, Switzerland","[{'474381918': 48460}, {'474525001': 47114}, {'474905435': 87902}]",[],"[{'369583057': 'https://inaturalist-open-data.s3.amazonaws.com/photos/369583057/square.jpg'}, {'369583059': 'https://inaturalist-open-data.s3.amazonaws.com/photos/369583059/square.jpg'}, {'369583061': 'https://inaturalist-open-data.s3.amazonaws.com/photos/369583061/square.jpg'}, {'369583068': 'https://inaturalist-open-data.s3.amazonaws.com/photos/369583068/square.jpg'}, {'369583070': 'https://inaturalist-open-data.s3.amazonaws.com/photos/369583070/square.jpg'}]",[],https://inaturalist-open-data.s3.amazonaws.com/photos/369583057/square.jpg,,,,,fibl_000057,,,,biodynamique,montalbano,D12,leaves,False,False,Deroceras,ICZN,1.0,deroceras,[],False,False,Deroceras,518943.0,genus,ott3.6draft1,"['Agricolimax', 'Agriolimax', 'Agriolimox', 'Arctolimax', 'Chorolimax', 'Hydrolimax', 'Malino', 'Nipponolimax', 'Plathystimulus']","['worms:818211', 'ncbi:145609', 'gbif:5190776', 'irmng:1395476', 'irmng:1006903', 'irmng:1207850']",Deroceras,both
202405171439_HC_fibl_000060_01_01,fibl_000060_01_01,sample,fibl_000060,veronica,fibl_000060_01,dbgi_batch_000010,175a7812-6024-4708-b3db-93223c778fb3,2024-05-17T12:53:08.633Z,786a0f97-fa61-4bd6-8c0d-a78a811e90cd,2,100mm_C18_15min_DDA_ELON_pos,ms_000001,175a7812-6024-4708-b3db-93223c778fb3,2024-05-17T08:24:04.012Z,4bfb152e-d732-401c-871d-23a1e3608e03,120,175a7812-6024-4708-b3db-93223c778fb3,2024-04-24T09:04:32.762Z,175a7812-6024-4708-b3db-93223c778fb3,2024-05-01T09:44:28.930Z,3c076294-827e-4eea-b9fc-afb25cb892a3,29.7,MeOH/H2O,1500.0,175a7812-6024-4708-b3db-93223c778fb3,2024-04-24T08:41:12.492Z,86cbd4b4-f5df-4f62-9523-fbcaf2a93e4e,Angiospermae,47.50234,7.53979,,,,,,,,208862259.0,needs_id,886f1d14-95aa-4a3a-99ed-59c8d18acda5,2024-04-18,True,speedwells,False,1.0,Europe/Zurich,Europe/Zurich,,2024-04-18 15:16:00+02:00,2024-04-23 19:37:29+02:00,False,True,48460/47126/211194/47125/47124/48151/50638/840955,"48460,47126,211194,47125,47124,48151,50638,840955,51611",False,47126.0,51611.0,False,20.0,False,False,840955.0,genus,False,51611.0,"[48460, 47126, 211194, 47125, 47124, 48151, 50638, 840955, 51611]",2009-05-26T16:03:46+00:00,6846565.0,https://inaturalist-open-data.s3.amazonaws.com/photos/6846565/square.jpeg,[],https://inaturalist-open-data.s3.amazonaws.com/photos/6846565/square.jpeg,https://inaturalist-open-data.s3.amazonaws.com/photos/6846565/medium.jpeg,395583.0,395583.0,,,http://en.wikipedia.org/wiki/Veronica_(plant),Plantae,speedwells,"[48460, 47126, 211194, 47125, 47124, 48151, 50638, 840955, 51611]",[],0.0,1.0,[],,https://www.inaturalist.org/observations/208862259,[],47125.0,Point,"{'type': 'Point', 'coordinates': [7.5397887576, 47.502341546]}",1.0,"[47.502341546, 7.5397887576]",[],6687578.0,dbgi,,497.0,0.0,0.0,497.0,324.0,497.0,[],True,[],"Therwil, Switzerland","[{'474379591': 47125}, {'474527541': 51611}]",[],"[{'369581962': 'https://inaturalist-open-data.s3.amazonaws.com/photos/369581962/square.jpg'}, {'369581963': 'https://inaturalist-open-data.s3.amazonaws.com/photos/369581963/square.jpg'}, {'369581964': 'https://inaturalist-open-data.s3.amazonaws.com/photos/369581964/square.jpg'}, {'369581968': 'https://inaturalist-open-data.s3.amazonaws.com/photos/369581968/square.jpg'}, {'369581969': 'https://inaturalist-open-data.s3.amazonaws.com/photos/369581969/square.jpg'}]",[],https://inaturalist-open-data.s3.amazonaws.com/photos/369581962/square.jpg,,,,,fibl_000060,,,,biodynamique,montalbano,D12,leaves,False,False,Veronica,ICN,1.0,veronica,[],False,False,Veronica,507032.0,genus,ott3.6draft1,"['Beccabunga', 'Besseya', 'Chionohebe', 'Cochlidiosperma', 'Derwentia', 'Detzneria', 'Diplophyllum', 'Hebe', 'Hebejeebie', 'Heliohebe', 'Heohebe', 'Leonohebe', 'Lunellia', 'Macrostemon', 'Odicardis', 'Oligospermum', 'Parahebe', 'Pseudolysimachion', 'Pygmea']","['ncbi:4173', 'worms:993896', 'gbif:3172047', 'irmng:1381293', 'irmng:1073912', 'irmng:1282418', 'irmng:1364735', 'irmng:1057809']",Veronica,both
202405171439_HC_fibl_000062_01_01,fibl_000062_01_01,sample,fibl_000062,life,fibl_000062_01,dbgi_batch_000010,175a7812-6024-4708-b3db-93223c778fb3,2024-05-17T12:53:05.056Z,91461a36-849e-4a4e-a406-9e1357c243c7,2,100mm_C18_15min_DDA_ELON_pos,ms_000001,175a7812-6024-4708-b3db-93223c778fb3,2024-05-17T08:24:52.141Z,55b3f1d2-3f57-409e-81a0-0fbbb193803e,120,175a7812-6024-4708-b3db-93223c778fb3,2024-04-30T08:43:32.095Z,175a7812-6024-4708-b3db-93223c778fb3,2024-05-01T09:45:19.689Z,b389c357-5b41-44a0-8f5b-3d1c48dc5397,27.6,MeOH/H2O,1500.0,175a7812-6024-4708-b3db-93223c778fb3,2024-04-30T08:04:47.041Z,d551eb96-3b31-41b1-b8c8-c70416eb4744,Unknown,47.50231,7.53903,,,,,,,,208861882.0,needs_id,d039e157-c658-4aae-8b66-773d7df3cb11,2024-04-19,False,Life,False,1.0,Europe/Zurich,Europe/Zurich,,2024-04-19 10:24:00+02:00,2024-04-23 10:46:34+02:00,False,True,,48460,False,,48460.0,False,100.0,False,False,,stateofmatter,False,48460.0,[48460],2008-09-26T05:55:02+00:00,5011941.0,https://static.inaturalist.org/photos/5011941/square.jpg,[],https://static.inaturalist.org/photos/5011941/square.jpg,https://static.inaturalist.org/photos/5011941/medium.jpg,202714680.0,202714680.0,,,http://en.wikipedia.org/wiki/Life,,life,[48460],[],0.0,0.0,[],,https://www.inaturalist.org/observations/208861882,[],,Point,"{'type': 'Point', 'coordinates': [7.5390330574, 47.5023057874]}",0.0,"[47.5023057874, 7.5390330574]",[],6687578.0,dbgi,,497.0,0.0,0.0,497.0,324.0,497.0,[],False,[],"Therwil, Switzerland",[{'474378414': 48460}],[],"[{'369581269': 'https://inaturalist-open-data.s3.amazonaws.com/photos/369581269/square.jpg'}, {'369581271': 'https://inaturalist-open-data.s3.amazonaws.com/photos/369581271/square.jpg'}, {'369581272': 'https://inaturalist-open-data.s3.amazonaws.com/photos/369581272/square.jpg'}, {'369581279': 'https://inaturalist-open-data.s3.amazonaws.com/photos/369581279/square.jpg'}, {'369581280': 'https://inaturalist-open-data.s3.amazonaws.com/photos/369581280/square.jpg'}, {'369581284': 'https://inaturalist-open-data.s3.amazonaws.com/photos/369581284/square.jpg'}]",[],https://inaturalist-open-data.s3.amazonaws.com/photos/369581269/square.jpg,,,,,fibl_000062,,phylum,,biodynamique,montalbano,D50,leaves,False,False,life,undefined,1.0,life,[],False,False,life,805080.0,no rank,ott3.6draft1,['all'],"['silva:0', 'ncbi:1', 'gbif:0', 'irmng:0']",life,both
202405171439_HC_fibl_000067_01_01,fibl_000067_01_01,sample,fibl_000067,euphorbia helioscopia,fibl_000067_01,dbgi_batch_000010,175a7812-6024-4708-b3db-93223c778fb3,2024-05-17T12:46:26.010Z,d9ac0f17-096d-4586-a82e-c4541d44f81d,2,100mm_C18_15min_DDA_ELON_pos,ms_000001,175a7812-6024-4708-b3db-93223c778fb3,2024-05-16T14:33:55.034Z,d9550a3d-04f1-4397-8cd4-172b1336b4b2,120,175a7812-6024-4708-b3db-93223c778fb3,2024-04-30T08:37:59.438Z,175a7812-6024-4708-b3db-93223c778fb3,2024-04-30T14:31:16.134Z,a0f5cfc9-9eec-43ee-b92f-2865b1671d36,50.5,MeOH/H2O,1700.0,175a7812-6024-4708-b3db-93223c778fb3,2024-04-24T08:43:57.197Z,1559083f-fbd5-427a-9655-13d162ecc168,Euphorbia,47.50295,7.53849,,,,,,,,208862915.0,needs_id,8ad31a58-2376-4b5f-83df-8edaa0ceafdd,2024-04-18,True,Sun spurge,False,1.0,Europe/Zurich,Europe/Zurich,,2024-04-18 18:07:00+02:00,2024-04-23 19:32:32+02:00,False,True,48460/47126/211194/47125/47124/51820/51821/779191/1244656/1244731/51822/785083/896860,"48460,47126,211194,47125,47124,51820,51821,779191,1244656,1244731,51822,785083,896860,56292",False,47126.0,56292.0,False,10.0,False,True,896860.0,species,False,56292.0,"[48460, 47126, 211194, 47125, 47124, 51820, 51821, 779191, 1244656, 1244731, 51822, 785083, 896860, 56292]",2010-02-21T23:25:38+00:00,353318720.0,https://inaturalist-open-data.s3.amazonaws.com/photos/353318710/square.jpeg,[],https://inaturalist-open-data.s3.amazonaws.com/photos/353318710/square.jpeg,https://inaturalist-open-data.s3.amazonaws.com/photos/353318710/medium.jpeg,16538.0,16538.0,,,http://en.wikipedia.org/wiki/Euphorbia_helioscopia,Plantae,Sun spurge,"[48460, 47126, 211194, 47125, 47124, 51820, 51821, 779191, 1244656, 1244731, 51822, 785083, 896860, 56292]",[],0.0,1.0,[],,https://www.inaturalist.org/observations/208862915,[],51822.0,Point,"{'type': 'Point', 'coordinates': [7.538492425, 47.5029511672]}",1.0,"[47.5029511672, 7.538492425]",[],6687578.0,dbgi,,497.0,0.0,0.0,497.0,324.0,497.0,[],True,[],"Therwil, Switzerland","[{'474382439': 51822}, {'474525792': 56292}]",[],"[{'369583283': 'https://inaturalist-open-data.s3.amazonaws.com/photos/369583283/square.jpg'}, {'369583284': 'https://inaturalist-open-data.s3.amazonaws.com/photos/369583284/square.jpg'}, {'369583282': 'https://inaturalist-open-data.s3.amazonaws.com/photos/369583282/square.jpg'}, {'369583287': 'https://inaturalist-open-data.s3.amazonaws.com/photos/369583287/square.jpg'}, {'369583286': 'https://inaturalist-open-data.s3.amazonaws.com/photos/369583286/square.jpg'}]",[],https://inaturalist-open-data.s3.amazonaws.com/photos/369583283/square.jpg,,,,,fibl_000067,,,,biodynamique,montalbano,D90,leaves,False,False,Euphorbia helioscopia,ICN,1.0,euphorbia helioscopia,[],False,False,Euphorbia helioscopia,46554.0,species,ott3.6draft1,"['Euphorbia dominii', 'Euphorbia helioscopioides', 'Euphorbion helioscopium', 'Galarhoeus helioscopius', 'Tithymalus dominii', 'Tithymalus helioscopioides', 'Tithymalus helioscopius', 'Tithymalus obovata', 'Tithymalus serratus']","['ncbi:154990', 'gbif:3066367', 'irmng:11111001']",Euphorbia helioscopia,both
202405171439_HC_fibl_000079_01_01,fibl_000079_01_01,sample,fibl_000079,cynara,fibl_000079_01,dbgi_batch_000008,175a7812-6024-4708-b3db-93223c778fb3,2024-05-17T12:42:38.059Z,620970c3-cc10-4ee6-8016-f1cbb28c9b1e,2,100mm_C18_15min_DDA_ELON_pos,ms_000001,175a7812-6024-4708-b3db-93223c778fb3,2024-05-16T15:01:08.233Z,59371ec9-a028-49ce-8ed3-1eea42f0eceb,120,175a7812-6024-4708-b3db-93223c778fb3,2024-04-24T09:13:59.826Z,175a7812-6024-4708-b3db-93223c778fb3,2024-04-26T09:17:40.362Z,1dec69ac-0091-4da8-beb9-73a0e77b5782,51.5,MeOH/H2O,1700.0,175a7812-6024-4708-b3db-93223c778fb3,2024-04-24T08:40:59.593Z,2210ddcb-2287-4f25-b0f7-f80960e9752e,Cynara,47.50295,7.53842,,,,,,,,208862873.0,casual,13b00a5e-edd0-44a6-b8fc-621cbfc193aa,2024-04-18,False,Cynara,False,1.0,Europe/Zurich,Europe/Zurich,,2024-04-18 18:27:00+02:00,2024-04-23 11:02:58+02:00,True,True,48460/47126/211194/47125/47124/47605/47604/201654/632883/632885,"48460,47126,211194,47125,47124,47605,47604,201654,632883,632885,57564",False,47126.0,57564.0,False,20.0,False,False,632885.0,genus,False,57564.0,"[48460, 47126, 211194, 47125, 47124, 47605, 47604, 201654, 632883, 632885, 57564]",2010-03-19T23:26:38+00:00,357198700.0,https://inaturalist-open-data.s3.amazonaws.com/photos/357198685/square.jpeg,[],https://inaturalist-open-data.s3.amazonaws.com/photos/357198685/square.jpeg,https://inaturalist-open-data.s3.amazonaws.com/photos/357198685/medium.jpeg,15414.0,15414.0,,,http://en.wikipedia.org/wiki/Cynara,Plantae,,"[48460, 47126, 211194, 47125, 47124, 47605, 47604, 201654, 632883, 632885, 57564]",[],0.0,0.0,[],,https://www.inaturalist.org/observations/208862873,[],,Point,"{'type': 'Point', 'coordinates': [7.5384241591, 47.5029481475]}",0.0,"[47.5029481475, 7.5384241591]",[],6687578.0,dbgi,,497.0,0.0,0.0,497.0,324.0,497.0,[],False,[],"Therwil, Switzerland",[{'474382200': 57564}],[],"[{'369583172': 'https://inaturalist-open-data.s3.amazonaws.com/photos/369583172/square.jpg'}, {'369583173': 'https://inaturalist-open-data.s3.amazonaws.com/photos/369583173/square.jpg'}, {'369583175': 'https://inaturalist-open-data.s3.amazonaws.com/photos/369583175/square.jpg'}, {'369583183': 'https://inaturalist-open-data.s3.amazonaws.com/photos/369583183/square.jpg'}, {'369583185': 'https://inaturalist-open-data.s3.amazonaws.com/photos/369583185/square.jpg'}]",[],https://inaturalist-open-data.s3.amazonaws.com/photos/369583172/square.jpg,,,,,fibl_000079,,,,biodynamique,montalbano,D90,leaves,False,False,Cynara,ICN,1.0,cynara,[],False,False,Cynara,991883.0,genus,ott3.6draft1,"['Arcyna', 'Bourgaea', 'Cynaropsis']","['ncbi:4264', 'gbif:3112344', 'irmng:1311602', 'irmng:1353035', 'irmng:1368560']",Cynara,both
202405171439_HC_fibl_000080_01_01,fibl_000080_01_01,sample,fibl_000080,poa annua,fibl_000080_01,dbgi_batch_000008,175a7812-6024-4708-b3db-93223c778fb3,2024-05-17T12:43:02.785Z,18465b35-5dbe-43b1-95c6-9e3b26c66247,2,100mm_C18_15min_DDA_ELON_pos,ms_000001,175a7812-6024-4708-b3db-93223c778fb3,2024-05-16T15:00:30.699Z,d4cc61d6-3c23-4dd4-9b65-700c256d838d,120,175a7812-6024-4708-b3db-93223c778fb3,2024-04-24T09:26:46.518Z,175a7812-6024-4708-b3db-93223c778fb3,2024-04-26T09:06:51.500Z,dc19b081-2876-4313-aabd-fa2898f23b60,51.3,MeOH/H2O,1700.0,175a7812-6024-4708-b3db-93223c778fb3,2024-04-24T08:40:48.671Z,66541976-d7e8-4ccd-8247-1a67364e1994,Poaceae,47.50245,7.53909,,,,,,,,208863097.0,needs_id,7f875ea7-0774-4b7b-a638-c0b3bfe4f774,2024-04-18,True,Annual Meadow-grass,False,1.0,Europe/Zurich,Europe/Zurich,,2024-04-18 18:38:00+02:00,2024-04-25 15:15:50+02:00,False,True,48460/47126/211194/47125/47163/47162/47434/514989/552962/1138145/52809/1444412,"48460,47126,211194,47125,47163,47162,47434,514989,552962,1138145,52809,1444412,52808",False,47126.0,52808.0,False,10.0,False,True,1444412.0,species,False,52808.0,"[48460, 47126, 211194, 47125, 47163, 47162, 47434, 514989, 552962, 1138145, 52809, 1444412, 52808]",2009-08-26T04:24:46+00:00,119472990.0,https://inaturalist-open-data.s3.amazonaws.com/photos/119472992/square.jpeg,[],https://inaturalist-open-data.s3.amazonaws.com/photos/119472992/square.jpeg,https://inaturalist-open-data.s3.amazonaws.com/photos/119472992/medium.jpeg,25177.0,25177.0,,,http://en.wikipedia.org/wiki/Poa_annua,Plantae,Annual Meadow-grass,"[48460, 47126, 211194, 47125, 47163, 47162, 47434, 514989, 552962, 1138145, 52809, 1444412, 52808]",[],0.0,1.0,[],,https://www.inaturalist.org/observations/208863097,[],47434.0,Point,"{'type': 'Point', 'coordinates': [7.539085967, 47.5024540084]}",1.0,"[47.5024540084, 7.539085967]",[],6687578.0,dbgi,,497.0,0.0,0.0,497.0,324.0,497.0,[],True,[],"Therwil, Switzerland","[{'474383150': 47434}, {'475248937': 52808}]",[],"[{'369583654': 'https://inaturalist-open-data.s3.amazonaws.com/photos/369583654/square.jpg'}, {'369583655': 'https://inaturalist-open-data.s3.amazonaws.com/photos/369583655/square.jpg'}, {'369583657': 'https://inaturalist-open-data.s3.amazonaws.com/photos/369583657/square.jpg'}, {'369583668': 'https://inaturalist-open-data.s3.amazonaws.com/photos/369583668/square.jpg'}, {'369583669': 'https://inaturalist-open-data.s3.amazonaws.com/photos/369583669/square.jpg'}]",[],https://inaturalist-open-data.s3.amazonaws.com/photos/369583654/square.jpg,,,,,fibl_000080,,,,conventional purely mineral fertilization,montalbano,M56,leaves,False,False,Poa annua,ICN,1.0,poa annua,['sibling_higher'],False,False,Poa annua,510850.0,species,ott3.6draft1,"['Aira pumila', 'Catabrosa pumila', 'Festuca tenuiculmis', 'Ochlopoa annua', 'Ochlopoa annua notabilis', 'Ochlopoa annua pilantha', 'Ochlopoa annua raniglumis', 'Ochlopoa raniglumis', 'Poa aestivalis', 'Poa algida', 'Poa annua aquatica', 'Poa annua crispa', 'Poa annua erecta', 'Poa annua eriolepis', 'Poa annua notabilis', 'Poa annua ovalis', 'Poa annua pilantha', 'Poa annua purpurea', 'Poa annua raniglumis', 'Poa annua reptans', 'Poa annua rigidiuscula', 'Poa annua rubra', 'Poa annua sericea', 'Poa annua vivipara', 'Poa bipollicaris', 'Poa hansiana', 'Poa hohenackeri', 'Poa humilis', 'Poa meyenii', 'Poa ovalis', 'Poa portalii', 'Poa puberula', 'Poa trivialis hohenackeri', 'Poa variegata']","['ncbi:93036', 'worms:993880', 'gbif:2704179', 'irmng:10589082']",Poa annua,both
202405171439_HC_fibl_000102_01_01,fibl_000102_01_01,sample,fibl_000102,annelida,fibl_000102_01,dbgi_batch_000010,175a7812-6024-4708-b3db-93223c778fb3,2024-05-17T12:52:18.380Z,e550e8a9-d989-4add-81f7-fed7560e8540,2,100mm_C18_15min_DDA_ELON_pos,ms_000001,175a7812-6024-4708-b3db-93223c778fb3,2024-05-17T08:32:52.403Z,37f34e10-ecf1-49ef-a883-d80da6efff9e,120,175a7812-6024-4708-b3db-93223c778fb3,2024-04-30T09:47:46.473Z,175a7812-6024-4708-b3db-93223c778fb3,2024-05-01T09:57:40.122Z,6f4a9195-f1fa-43e3-a9be-04b6bba2625f,4.8,MeOH/H2O,500.0,175a7812-6024-4708-b3db-93223c778fb3,2024-04-30T08:04:01.841Z,e066130a-a701-498e-bce0-0ef5b9ca11e3,Unknown,47.50215,7.53972,,,,,,,,212196778.0,casual,7721c5a1-7be6-4c83-a965-68261c877783,2024-04-26,True,Segmented Worms,False,1.0,Europe/Zurich,Europe/Zurich,,2024-04-26 12:52:00+02:00,2024-05-04 04:47:46+02:00,True,True,48460/1,"48460,1,47491",False,1.0,47491.0,False,60.0,False,False,1.0,phylum,False,47491.0,"[48460, 1, 47491]",2008-05-18T01:40:39+00:00,45924360.0,https://static.inaturalist.org/photos/45924362/square.jpg,[],https://static.inaturalist.org/photos/45924362/square.jpg,https://static.inaturalist.org/photos/45924362/medium.jpg,252441.0,252441.0,,,http://en.wikipedia.org/wiki/Annelid,Animalia,Segmented Worms,"[48460, 1, 47491]",[],0.0,1.0,[],,https://www.inaturalist.org/observations/212196778,[],48460.0,Point,"{'type': 'Point', 'coordinates': [7.5397189678, 47.5021503917]}",1.0,"[47.5021503917, 7.5397189678]",[],6687578.0,dbgi,,497.0,0.0,0.0,497.0,324.0,497.0,[],True,[],"Therwil, Switzerland","[{'479451436': 48460}, {'481846160': 47491}]",[],"[{'375004907': 'https://inaturalist-open-data.s3.amazonaws.com/photos/375004907/square.jpg'}, {'375004912': 'https://inaturalist-open-data.s3.amazonaws.com/photos/375004912/square.jpg'}, {'375004913': 'https://inaturalist-open-data.s3.amazonaws.com/photos/375004913/square.jpg'}, {'375004934': 'https://inaturalist-open-data.s3.amazonaws.com/photos/375004934/square.jpg'}, {'375004938': 'https://inaturalist-open-data.s3.amazonaws.com/photos/375004938/square.jpg'}]",[],https://inaturalist-open-data.s3.amazonaws.com/photos/375004907/square.jpg,,,,,fibl_000102,,order,,conventional purely mineral fertilization,montalbano,M6,leaves,False,False,Annelida,ICZN,1.0,annelida,[],False,False,Annelida,941620.0,phylum,ott3.6draft1,[],"['ncbi:6340', 'worms:882', 'gbif:42', 'irmng:234']",Annelida,both
202405171439_HC_fibl_000112_01_01,fibl_000112_01_01,sample,fibl_000112,coleoptera,fibl_000112_01,dbgi_batch_000010,175a7812-6024-4708-b3db-93223c778fb3,2024-05-17T12:52:47.863Z,49d28418-bb6c-4bc2-a571-7805c9fc4743,2,100mm_C18_15min_DDA_ELON_pos,ms_000001,175a7812-6024-4708-b3db-93223c778fb3,2024-05-17T08:28:04.230Z,ac2e48c7-9fb4-4d5f-89d1-67eae0d974bb,120,175a7812-6024-4708-b3db-93223c778fb3,2024-04-30T12:11:18.616Z,175a7812-6024-4708-b3db-93223c778fb3,2024-05-01T09:49:39.663Z,a6405285-e178-4b14-9c57-9d8921246159,11.7,MeOH/H2O,1000.0,175a7812-6024-4708-b3db-93223c778fb3,2024-04-30T08:06:29.165Z,706cc851-b099-4318-8a9b-8d8e5c60ef11,Unknown,47.5028,7.53966,,,,,,,,212196633.0,casual,993523bc-ffc0-4945-bc97-c377d13fd23a,2024-04-24,True,Beetles,False,1.0,Europe/Zurich,Europe/Zurich,,2024-04-24 09:53:00+02:00,2024-05-04 04:49:23+02:00,True,True,48460/1/47120/372739/47158/184884,"48460,1,47120,372739,47158,184884,47208",False,47158.0,47208.0,False,40.0,False,False,184884.0,order,False,47208.0,"[48460, 1, 47120, 372739, 47158, 184884, 47208]",2008-04-12T22:28:37+00:00,15152305.0,https://inaturalist-open-data.s3.amazonaws.com/photos/15152305/square.jpg,[],https://inaturalist-open-data.s3.amazonaws.com/photos/15152305/square.jpg,https://inaturalist-open-data.s3.amazonaws.com/photos/15152305/medium.jpg,6687099.0,6687099.0,,,http://en.wikipedia.org/wiki/Beetle,Insecta,Beetles,"[48460, 1, 47120, 372739, 47158, 184884, 47208]",[],0.0,1.0,[],,https://www.inaturalist.org/observations/212196633,[],48460.0,Point,"{'type': 'Point', 'coordinates': [7.5396604498, 47.5027994501]}",1.0,"[47.5027994501, 7.5396604498]",[],6687578.0,dbgi,,497.0,0.0,0.0,497.0,324.0,497.0,[],True,[],"Therwil, Switzerland","[{'479451102': 48460}, {'481846706': 47208}]",[],"[{'375004651': 'https://inaturalist-open-data.s3.amazonaws.com/photos/375004651/square.jpg'}, {'375004652': 'https://inaturalist-open-data.s3.amazonaws.com/photos/375004652/square.jpg'}, {'375004654': 'https://inaturalist-open-data.s3.amazonaws.com/photos/375004654/square.jpg'}, {'375004676': 'https://inaturalist-open-data.s3.amazonaws.com/photos/375004676/square.jpg'}, {'375004675': 'https://inaturalist-open-data.s3.amazonaws.com/photos/375004675/square.jpg'}]",[],https://inaturalist-open-data.s3.amazonaws.com/photos/375004651/square.jpg,,,,,fibl_000112,,,,biodynamique,montalbano,D46,leaves,False,False,Coleoptera,ICZN,1.0,coleoptera,['sibling_higher'],False,False,Coleoptera,865243.0,order,ott3.6draft1,"['Elateridopsidae', 'Eutactus', 'Ibidiomorphum', 'Macropterum', 'Natomelus', 'Traulotes']","['ncbi:7041', 'worms:118085', 'gbif:1470', 'irmng:10279']",Coleoptera,both
202405171439_HC_fibl_000116_01_01,fibl_000116_01_01,sample,fibl_000116,pterygota,fibl_000116_01,dbgi_batch_000010,175a7812-6024-4708-b3db-93223c778fb3,2024-05-17T12:52:31.130Z,ec0b4a99-a866-4c12-8f7b-fc82025e67b7,2,100mm_C18_15min_DDA_ELON_pos,ms_000001,175a7812-6024-4708-b3db-93223c778fb3,2024-05-17T08:30:50.378Z,0d6171fb-3788-4390-8b96-de92cddcffbb,120,175a7812-6024-4708-b3db-93223c778fb3,2024-04-30T12:32:58.072Z,175a7812-6024-4708-b3db-93223c778fb3,2024-05-01T09:54:44.678Z,6589a817-5431-4ca3-b00c-f20ee19faebb,4.2,MeOH/H2O,500.0,175a7812-6024-4708-b3db-93223c778fb3,2024-04-30T08:05:40.938Z,c51d8f42-90a2-4370-9bea-2c55ef0aae77,Unknown,47.5028,7.53966,,,,,,,,212196679.0,casual,fef74b1e-210d-4b2d-ad01-d298b2ff318f,2024-04-24,True,Winged and Once-winged Insects,False,1.0,Europe/Zurich,Europe/Zurich,,2024-04-24 09:56:00+02:00,2024-05-04 04:49:04+02:00,True,True,48460/1/47120/372739/47158,"48460,1,47120,372739,47158,184884",False,47158.0,184884.0,False,47.0,False,False,47158.0,subclass,False,184884.0,"[48460, 1, 47120, 372739, 47158, 184884]",2012-11-12T13:22:08+00:00,14350736.0,https://inaturalist-open-data.s3.amazonaws.com/photos/14350736/square.jpg,[],https://inaturalist-open-data.s3.amazonaws.com/photos/14350736/square.jpg,https://inaturalist-open-data.s3.amazonaws.com/photos/14350736/medium.jpg,48990253.0,48990253.0,,,http://en.wikipedia.org/wiki/Pterygota,Insecta,Winged and Once-winged Insects,"[48460, 1, 47120, 372739, 47158, 184884]",[],0.0,1.0,[],,https://www.inaturalist.org/observations/212196679,[],48460.0,Point,"{'type': 'Point', 'coordinates': [7.5396639934, 47.5027977345]}",1.0,"[47.5027977345, 7.5396639934]",[],6687578.0,dbgi,,497.0,0.0,0.0,497.0,324.0,497.0,[],True,[],"Therwil, Switzerland","[{'479451208': 48460}, {'481846608': 184884}]",[],"[{'375004740': 'https://inaturalist-open-data.s3.amazonaws.com/photos/375004740/square.jpg'}, {'375004743': 'https://inaturalist-open-data.s3.amazonaws.com/photos/375004743/square.jpg'}, {'375004747': 'https://inaturalist-open-data.s3.amazonaws.com/photos/375004747/square.jpg'}, {'375004764': 'https://inaturalist-open-data.s3.amazonaws.com/photos/375004764/square.jpg'}, {'375004763': 'https://inaturalist-open-data.s3.amazonaws.com/photos/375004763/square.jpg'}]",[],https://inaturalist-open-data.s3.amazonaws.com/photos/375004740/square.jpg,,,,,fibl_000116,,order,,biodynamique,montalbano,D46,leaves,False,False,Pterygota,ICN,1.0,pterygota,[],False,False,Pterygota,793343.0,genus,ott3.6draft1,"['Basiloxylon', 'Tetradia']","['ncbi:300552', 'gbif:9502664', 'irmng:1291338']",Pterygota (genus in kingdom Archaeplastida),both
